<?xml version="1.0" encoding="UTF-8"?>
<project-private xmlns="http://www.netbeans.org/ns/project-private/1">
    <editor-bookmarks xmlns="http://www.netbeans.org/ns/editor-bookmarks/2" lastBookmarkId="0"/>
    <open-files xmlns="http://www.netbeans.org/ns/projectui-open-files/2">
        <group>
            <file>file:/C:/xampp/htdocs/p2p_site/src/AppBundle/Resources/config/routing.yml</file>
            <file>file:/C:/xampp/htdocs/p2p_site/app/AppKernel.php</file>
            <file>file:/C:/xampp/htdocs/p2p_site/src/AppBundle/Entity/StageOrder.php</file>
            <file>file:/C:/xampp/htdocs/p2p_site/src/AppBundle/Form/StageOrderType.php</file>
            <file>file:/C:/xampp/htdocs/p2p_site/app/Resources/views/_page_header.twig</file>
            <file>file:/C:/xampp/htdocs/p2p_site/app/config/services.yml</file>
            <file>file:/C:/xampp/htdocs/p2p_site/src/AppBundle/Controller/UserController.php</file>
            <file>file:/C:/xampp/htdocs/p2p_site/src/AppBundle/Form/UserType.php</file>
            <file>file:/C:/xampp/htdocs/p2p_site/app/config/config.yml</file>
            <file>file:/C:/xampp/htdocs/p2p_site/src/AppBundle/Controller/LegalEntityController.php</file>
            <file>file:/C:/xampp/htdocs/p2p_site/app/Resources/translations/messages.ru.yml</file>
            <file>file:/C:/xampp/htdocs/p2p_site/app/Resources/views/user/index.html.twig</file>
            <file>file:/C:/xampp/htdocs/p2p_site/src/AppBundle/Entity/User.php</file>
        </group>
    </open-files>
</project-private>
